会う;会う約束
青;青年
青;青い
青;青少年
青い;青い鳥
青い;青い鳥
赤;赤ちゃん
赤;赤い
赤;赤ん坊
赤い;赤い糸
赤い;赤い糸
秋;秋風
秋;秋めく
秋;秋分
朝;朝ご飯
朝;朝寝坊
朝;朝鮮
足;足跡
足;足りる
足;足す
明日;明日葉
明日;明日天気
明日;明日は我が身
暖かい;暖かい人
頭;ど頭
新しい;新しい女
暑い;暑い盛り
熱い;熱いものが込み上げる
熱い;熱い仲
あなた;彼方此方
あなた;彼方任せ
あなた;彼方方
兄;兄弟
兄;兄貴
兄;兄さん
姉;姉妹
姉;姉さん
姉;姉妹都市
アパート;アパートメント
危ない;危ない橋を渡る
甘い;甘いもの
甘い;甘い話
甘い;甘いもの好き
あまり;余りに
あまり;余りにも
あまり;余り物
雨;雨戸
雨;雨天
雨;雨期
あれ;彼此
言う;言うまでもない
言う;言うまでもなく
言う;言う通り
家;家族
家;家庭
いかが;如何わしい
いかが;如何なもの
行く;行く手
行く;行く先
行く;行くあて
いくつ;幾つか
いくつ;幾つも
いくつ;幾つでも
いくら;幾らか
いくら;幾らでも
いくら;幾らも
医者;医者通い
医者;医者の不養生
痛い;痛い目
痛い;痛い痛い病
痛い;痛いところ
一;一つ
一;一番
一;一緒
一緒;一緒に
一緒;一緒くた
一緒;一緒にする
一日;一日一日
一日;一日一善
一日;一日の長
いちばん;一番乗り
いちばん;一番上
いちばん;一番手
いつ;何時も
いつ;何時でも
いつ;何時までも
一緒;一緒に
一緒;一緒くた
一緒;一緒にする
五つ;五つ子
いつも;何時もより
いつも;何時ものごとく
いつも;何時もながら
犬;犬歯
犬;犬小屋
犬;犬も食わない
今;今日
今;今朝
今;今年
意味;意味合い
意味;意味不明
意味;意味深
妹;妹さん
妹;妹君
妹;妹娘
嫌;嫌い
嫌;嫌う
嫌;嫌がる
色;色々
色;色彩
色;色気
いろいろ;色々あって
上;上げる
上;上手
上;上る
後ろ;後ろ向き
後ろ;後ろ姿
後ろ;後ろめたい
薄い;薄い本
歌;歌う
歌;歌手
歌;歌舞伎
